{
  "static_features": {
    "names": [
      "mass",
      "gravity_scale",
      "friction_applied",
      "bounce_applied",
      "linear_damp",
      "angular_damp",
      "air_drag_coefficient",
      "env_state_binary",
      "shape_type_int",
      "shape_dim_primary",
      "shape_dim_secondary"
    ],
    "mean": [
      543.4699597742476,
      0.48556357056551125,
      0.5829425388808517,
      0.38327357267055123,
      0.5182546014016929,
      0.5182546014016929,
      0.08426975896063402,
      0.5617983930708302,
      2.521112314091971,
      0.7525215111972192,
      0.8391361331129978
    ],
    "std": [
      1023.3304950217442,
      4.394749991406365,
      0.3220311517847789,
      0.25406449004967413,
      0.5123992358391716,
      0.5123992358391716,
      0.07442705973904097,
      0.4961803982603058,
      1.7080547038046978,
      0.2499944064942318,
      0.6885233148758239
    ],
    "min": [
      0.500043562984836,
      -7.99809948161776,
      5.00526190420297e-05,
      8.05214886241462e-05,
      0.0,
      0.0,
      0.0,
      0.0,
      0.0,
      0.5,
      0.0
    ],
    "max": [
      4999.34665229697,
      7.99818906722863,
      1.0,
      0.85,
      1.15,
      1.15,
      0.15,
      1.0,
      5.0,
      1.0,
      2.0
    ],
    "n_scenarios": 17549
  },
  "dynamic_features": {
    "names": [
      "pos_x",
      "pos_y",
      "pos_z",
      "quat_w",
      "quat_x",
      "quat_y",
      "quat_z",
      "linvel_x",
      "linvel_y",
      "linvel_z",
      "angvel_x",
      "angvel_y",
      "angvel_z",
      "speed",
      "kinetic_energy",
      "rotational_energy",
      "potential_energy",
      "total_energy",
      "contact_count",
      "max_impulse_this_frame"
    ],
    "mean": [
      -0.005322580007846598,
      53.85588047881857,
      0.01946685039921207,
      0.4396756957736157,
      0.1055875719438569,
      0.11818202301979237,
      0.09974014821460322,
      -0.004725808457658452,
      27.968796429107623,
      0.002462170198782907,
      -0.01680699680380205,
      0.009267645900345877,
      -0.0069986001133714604,
      29.577414901995734,
      807330.9501790917,
      443.91407708860487,
      -1102996.6657801461,
      -295221.8015239804,
      0.9481620082037292,
      126.79838197129384
    ],
    "std": [
      2.835574175787188,
      116.37421242935669,
      2.8409348201463107,
      0.4444719289768394,
      0.43366696477268435,
      0.43895190712287235,
      0.43968294662876173,
      1.0180502323113003,
      55.434621668545645,
      1.0214734163212749,
      2.231823663658103,
      1.80318644122984,
      2.229766008856193,
      54.61233517399794,
      4835016.478507425,
      2945.949835038103,
      5751267.228616414,
      1747046.239351188,
      1.4557328683793123,
      1340.0322080817755
    ],
    "min": [
      -21.3747901916504,
      -4.88555526733398,
      -18.8686389923096,
      -0.499995768070221,
      -0.861917197704315,
      -0.865956664085388,
      -0.864715278148651,
      -14.7985210418701,
      -31.7986927032471,
      -15.2502126693726,
      -46.3452568054199,
      -22.1902656555176,
      -46.9049949645996,
      0.0,
      0.0,
      0.0,
      -150174451.740769,
      -46518524.2141453,
      0.0,
      0.0
    ],
    "max": [
      17.3045864105225,
      990.673034667969,
      16.4174575805664,
      1.0,
      0.999996244907379,
      0.999997437000275,
      0.999973833560944,
      14.1839542388916,
      392.274108886719,
      15.7902736663818,
      46.8569526672363,
      25.8009796142578,
      45.8816947937012,
      392.279937744141,
      148005077.842338,
      521803.626263576,
      1857779.33661372,
      1878811.9506705,
      4.0,
      194027.953125
    ],
    "n_samples": 1070489
  },
  "dataset": {
    "module": "1.5_single_object",
    "scenario_type": "SONATA_I",
    "total_scenarios": 20000,
    "valid_scenarios": 17549,
    "feature_vector_size": 31
  }
}